model,threshold,accuracy,balanced_accuracy,precision,recall,specificity,f1,roc_auc,pr_auc,brier,tn,fp,fn,tp
Decision Tree,0.1,0.2239572767476772,0.5002543011436499,0.2234369765812955,0.99961397851904,0.0008946237682597936,0.365235355366484,0.6417364933102583,0.32604708784614084,0.23489641966631306,137,153000,17,44022
Decision Tree,0.15000000000000002,0.2243782204730799,0.5004201495189633,0.22349463976476922,0.9993187856218352,0.0015215134160914737,0.36529267239948204,0.6417364933102583,0.32604708784614084,0.23489641966631306,233,152904,30,44009
Decision Tree,0.20000000000000004,0.23082423824400536,0.5030736516823454,0.22442541685443892,0.9951179636231522,0.011029339741538623,0.3662514468620331,0.6417364933102583,0.32604708784614084,0.23489641966631306,1689,151448,215,43824
Decision Tree,0.25000000000000006,0.23829472146711567,0.5062087464962041,0.225544897484293,0.990417584413815,0.021999908578593026,0.3674186265920884,0.6417364933102583,0.32604708784614084,0.23489641966631306,3369,149768,422,43617
Decision Tree,0.30000000000000004,0.3220625228222502,0.5419707594312024,0.24000440896644545,0.9394173346352097,0.14452418422719526,0.3823302451308828,0.6417364933102583,0.32604708784614084,0.23489641966631306,22132,131005,2668,41371
Decision Tree,0.3500000000000001,0.38788189231955206,0.5671322052155476,0.25294891131995206,0.8910965280773859,0.24316788235370942,0.39404360857712334,0.6417364933102583,0.32604708784614084,0.23489641966631306,37238,115899,4796,39243
Decision Tree,0.40000000000000013,0.43593540796040087,0.5813010487268299,0.26264653302336755,0.8440246145461977,0.31857748290746196,0.4006251347273119,0.6417364933102583,0.32604708784614084,0.23489641966631306,48786,104351,6869,37170
Decision Tree,0.45000000000000007,0.49912768288229803,0.5959142661034115,0.2768584594054561,0.7708394831853584,0.42098904902146445,0.4073949620171133,0.6417364933102583,0.32604708784614084,0.23489641966631306,64469,88668,10092,33947
Decision Tree,0.5000000000000001,0.5910607781880147,0.6057598433755003,0.3017402045769764,0.632325892958514,0.5791937937924865,0.4085324257117079,0.6417364933102583,0.32604708784614084,0.23489641966631306,88696,64441,16192,27847
Decision Tree,0.5500000000000002,0.6468282143871465,0.5993431850423023,0.3192946292426724,0.5135221054065714,0.6851642646780334,0.3937597395248418,0.6417364933102583,0.32604708784614084,0.23489641966631306,104924,48213,21424,22615
Decision Tree,0.6000000000000002,0.7156804073518075,0.5751839853517042,0.3509102634059229,0.32126070074252366,0.8291072699608847,0.3354315587325296,0.6417364933102583,0.32604708784614084,0.23489641966631306,126967,26170,29891,14148
Decision Tree,0.6500000000000001,0.7553809794295452,0.5454334803404977,0.3885404486021048,0.165989236812825,0.9248777238681704,0.23260623995672441,0.6417364933102583,0.32604708784614084,0.23489641966631306,141633,11504,36729,7310
Decision Tree,0.7000000000000002,0.771716638941859,0.5222938641537966,0.43309035896025305,0.07150480256136606,0.9730829257462272,0.12274410446306763,0.6417364933102583,0.32604708784614084,0.23489641966631306,149015,4122,40890,3149
Decision Tree,0.7500000000000002,0.7759970787519779,0.5087835473735532,0.4731808731808732,0.025840732078385067,0.9917263626687215,0.049005253638790804,0.6417364933102583,0.32604708784614084,0.23489641966631306,151870,1267,42901,1138
Decision Tree,0.8000000000000002,0.7766513165902544,0.5005095769313783,0.5,0.0014305501941460977,0.9995886036686105,0.0028529378467111966,0.6417364933102583,0.32604708784614084,0.23489641966631306,153074,63,43976,63
Decision Tree,0.8500000000000002,0.7766716030348522,0.5003204240643675,0.5277777777777778,0.0008628715456754241,0.9997779765830597,0.0017229262542223028,0.6417364933102583,0.32604708784614084,0.23489641966631306,153103,34,44001,38
Decision Tree,0.9000000000000002,0.7766513165902544,0.5,0.0,0.0,1.0,0.0,0.6417364933102583,0.32604708784614084,0.23489641966631306,153137,0,44039,0
Random Forest,0.1,0.22334868340974562,0.5,0.22334868340974562,1.0,0.0,0.36514312957320233,0.6325772438502381,0.3160343290270671,0.238259357637688,0,153137,0,44039
Random Forest,0.15000000000000002,0.22334868340974562,0.5,0.22334868340974562,1.0,0.0,0.36514312957320233,0.6325772438502381,0.3160343290270671,0.238259357637688,0,153137,0,44039
Random Forest,0.20000000000000004,0.22334868340974562,0.5,0.22334868340974562,1.0,0.0,0.36514312957320233,0.6325772438502381,0.3160343290270671,0.238259357637688,0,153137,0,44039
Random Forest,0.25000000000000006,0.22334868340974562,0.5,0.22334868340974562,1.0,0.0,0.36514312957320233,0.6325772438502381,0.3160343290270671,0.238259357637688,0,153137,0,44039
Random Forest,0.30000000000000004,0.22391670385848175,0.5002120036962163,0.22342228944403278,0.9995685642271623,0.0008554431652703135,0.36521270196834876,0.6325772438502381,0.3160343290270671,0.238259357637688,131,153006,19,44020
Random Forest,0.3500000000000001,0.23930397208585225,0.5064864194506462,0.2256465762789108,0.989373055700629,0.023599783200663457,0.367481539895333,0.6325772438502381,0.3160343290270671,0.238259357637688,3614,149523,468,43571
Random Forest,0.40000000000000013,0.3180052339027062,0.5385983980961966,0.23861192683885588,0.93728286291696,0.1399139332754331,0.38038585060844965,0.6325772438502381,0.3160343290270671,0.238259357637688,21426,131711,2762,41277
Random Forest,0.45000000000000007,0.4594626120826064,0.5839427607069444,0.26626803199043275,0.8089193669247712,0.35896615448911756,0.40065456140449535,0.6325772438502381,0.3160343290270671,0.238259357637688,54971,98166,8415,35624
Random Forest,0.5000000000000001,0.5891437091735302,0.598289403363988,0.2971335762258022,0.6148186834396785,0.5817601232882974,0.4006421875809208,0.6325772438502381,0.3160343290270671,0.238259357637688,89089,64048,16963,27076
Random Forest,0.5500000000000002,0.6857680447924697,0.5798687462344336,0.3281417830290011,0.38847385272145146,0.7712636397474157,0.35576813101117755,0.6325772438502381,0.3160343290270671,0.238259357637688,118109,35028,26931,17108
Random Forest,0.6000000000000002,0.7684099484724307,0.519712094119032,0.3959800281654078,0.07023320238879176,0.9691909858492722,0.11930568948891032,0.6325772438502381,0.3160343290270671,0.238259357637688,148419,4718,40946,3093
Random Forest,0.6500000000000001,0.7766969610905993,0.5006845557925856,0.5294117647058824,0.0018392788210449828,0.9995298327641262,0.0036658218682114408,0.6325772438502381,0.3160343290270671,0.238259357637688,153065,72,43958,81
Random Forest,0.7000000000000002,0.7766513165902544,0.5,0.0,0.0,1.0,0.0,0.6325772438502381,0.3160343290270671,0.238259357637688,153137,0,44039,0
Random Forest,0.7500000000000002,0.7766513165902544,0.5,0.0,0.0,1.0,0.0,0.6325772438502381,0.3160343290270671,0.238259357637688,153137,0,44039,0
Random Forest,0.8000000000000002,0.7766513165902544,0.5,0.0,0.0,1.0,0.0,0.6325772438502381,0.3160343290270671,0.238259357637688,153137,0,44039,0
Random Forest,0.8500000000000002,0.7766513165902544,0.5,0.0,0.0,1.0,0.0,0.6325772438502381,0.3160343290270671,0.238259357637688,153137,0,44039,0
Random Forest,0.9000000000000002,0.7766513165902544,0.5,0.0,0.0,1.0,0.0,0.6325772438502381,0.3160343290270671,0.238259357637688,153137,0,44039,0
XGBoost,0.1,0.2586521686209275,0.5152380427451588,0.22888253000854733,0.9789731828606463,0.05150290262967147,0.37102090343456595,0.6456177357730007,0.33141873324654214,0.16552945971488953,7887,145250,926,43113
XGBoost,0.15000000000000002,0.42619284294234594,0.5812894037837685,0.2617008069522036,0.8615999455028498,0.30097886206468716,0.4014622095022457,0.6456177357730007,0.33141873324654214,0.16552945971488953,46091,107046,6095,37944
XGBoost,0.20000000000000004,0.5400606564693472,0.6046982153156156,0.2883393829401089,0.7215195622062263,0.48787686842500505,0.4120228995260602,0.6456177357730007,0.33141873324654214,0.16552945971488953,74712,78425,12264,31775
XGBoost,0.25000000000000006,0.6422789791861079,0.6020844893957622,0.3188425615709656,0.5294398147096891,0.6747291640818353,0.3979994196268542,0.6456177357730007,0.33141873324654214,0.16552945971488953,103326,49811,20723,23316
XGBoost,0.30000000000000004,0.7163295735789346,0.5785137799628964,0.35463211928623806,0.3294352732805014,0.8275922866452915,0.3415696476709555,0.6456177357730007,0.33141873324654214,0.16552945971488953,126735,26402,29531,14508
XGBoost,0.3500000000000001,0.7556649896539133,0.5476141882663602,0.392530646166632,0.17159790185971524,0.9236304746730052,0.2388017253637958,0.6456177357730007,0.33141873324654214,0.16552945971488953,141442,11695,36482,7557
XGBoost,0.40000000000000013,0.7716354931634681,0.5233740165306513,0.43465045592705165,0.07468380299280183,0.9720642300685007,0.12746579855055615,0.6456177357730007,0.33141873324654214,0.16552945971488953,148859,4278,40750,3289
XGBoost,0.45000000000000007,0.7761340122530125,0.5091628905482101,0.4791836734693877,0.02665818933218284,0.9916675917642372,0.05050657144700897,0.6456177357730007,0.33141873324654214,0.16552945971488953,151861,1276,42865,1174
XGBoost,0.5000000000000001,0.7767020327017486,0.5025967122048232,0.5080128205128205,0.007198165262608143,0.9979952591470382,0.014195195127958265,0.6456177357730007,0.33141873324654214,0.16552945971488953,152830,307,43722,317
XGBoost,0.5500000000000002,0.7767831784801396,0.500497405965212,0.6710526315789473,0.0011580644428801745,0.9998367474875438,0.0023121387283236996,0.6456177357730007,0.33141873324654214,0.16552945971488953,153112,25,43988,51
XGBoost,0.6000000000000002,0.776646244979105,0.5000210005179118,0.42857142857142855,6.812143781648084e-05,0.999973879598007,0.00013622122326658494,0.6456177357730007,0.33141873324654214,0.16552945971488953,153133,4,44036,3
XGBoost,0.6500000000000001,0.7766513165902544,0.5,0.0,0.0,1.0,0.0,0.6456177357730007,0.33141873324654214,0.16552945971488953,153137,0,44039,0
XGBoost,0.7000000000000002,0.7766513165902544,0.5,0.0,0.0,1.0,0.0,0.6456177357730007,0.33141873324654214,0.16552945971488953,153137,0,44039,0
XGBoost,0.7500000000000002,0.7766513165902544,0.5,0.0,0.0,1.0,0.0,0.6456177357730007,0.33141873324654214,0.16552945971488953,153137,0,44039,0
XGBoost,0.8000000000000002,0.7766513165902544,0.5,0.0,0.0,1.0,0.0,0.6456177357730007,0.33141873324654214,0.16552945971488953,153137,0,44039,0
XGBoost,0.8500000000000002,0.7766513165902544,0.5,0.0,0.0,1.0,0.0,0.6456177357730007,0.33141873324654214,0.16552945971488953,153137,0,44039,0
XGBoost,0.9000000000000002,0.7766513165902544,0.5,0.0,0.0,1.0,0.0,0.6456177357730007,0.33141873324654214,0.16552945971488953,153137,0,44039,0
Gradient Boosting,0.1,0.22591491865135715,0.5009322369039506,0.22367322842660262,0.9979790640114444,0.0038854097964567675,0.3654414607680507,0.6436947828014071,0.33055297819438684,0.16610685410891526,595,152542,89,43950
Gradient Boosting,0.15000000000000002,0.34330243031606283,0.5503306304473004,0.2439804882725889,0.9244987397534004,0.17616252114120037,0.3860738788031084,0.6436947828014071,0.33055297819438684,0.16610685410891526,26977,126160,3325,40714
Gradient Boosting,0.20000000000000004,0.5238112143465736,0.6005703076074117,0.28318691832652,0.7392992574763279,0.4618413577384956,0.4095114113037627,0.6436947828014071,0.33055297819438684,0.16610685410891526,70725,82412,11481,32558
Gradient Boosting,0.25000000000000006,0.657072868908995,0.599095696324166,0.32434888849156684,0.49431185994232385,0.7038795327060083,0.3916872835230084,0.6436947828014071,0.33055297819438684,0.16610685410891526,107790,45347,22270,21769
Gradient Boosting,0.30000000000000004,0.7380614273542419,0.5645505857590671,0.37195840204624236,0.2509593769159154,0.878141794602219,0.29970712658639764,0.6436947828014071,0.33055297819438684,0.16610685410891526,134476,18661,32987,11052
Gradient Boosting,0.3500000000000001,0.7694090558688684,0.5268099501489008,0.4224755700325733,0.08835350484797566,0.965266395449826,0.14614358955097748,0.6436947828014071,0.33055297819438684,0.16610685410891526,147818,5319,40148,3891
Gradient Boosting,0.40000000000000013,0.7764890250334726,0.5059942645231268,0.4896103896103896,0.01712118803787552,0.9948673410083781,0.03308541214155642,0.6436947828014071,0.33055297819438684,0.16610685410891526,152351,786,43285,754
Gradient Boosting,0.45000000000000007,0.7766310301456567,0.5000678250262064,0.4166666666666667,0.0002270714593882695,0.9999085785930245,0.0004538955586319588,0.6436947828014071,0.33055297819438684,0.16610685410891526,153123,14,44029,10
Gradient Boosting,0.5000000000000001,0.7766361017568061,0.5000063818946932,0.2857142857142857,4.54142918776539e-05,0.9999673494975088,9.081414884438995e-05,0.6436947828014071,0.33055297819438684,0.16610685410891526,153132,5,44037,2
Gradient Boosting,0.5500000000000002,0.7766361017568061,0.4999982933719729,0.2,2.270714593882695e-05,0.999973879598007,4.5409136318227226e-05,0.6436947828014071,0.33055297819438684,0.16610685410891526,153133,4,44038,1
Gradient Boosting,0.6000000000000002,0.7766513165902544,0.5000080885227203,0.5,2.270714593882695e-05,0.9999934698995018,4.541222951340796e-05,0.6436947828014071,0.33055297819438684,0.16610685410891526,153136,1,44038,1
Gradient Boosting,0.6500000000000001,0.7766513165902544,0.5,0.0,0.0,1.0,0.0,0.6436947828014071,0.33055297819438684,0.16610685410891526,153137,0,44039,0
Gradient Boosting,0.7000000000000002,0.7766513165902544,0.5,0.0,0.0,1.0,0.0,0.6436947828014071,0.33055297819438684,0.16610685410891526,153137,0,44039,0
Gradient Boosting,0.7500000000000002,0.7766513165902544,0.5,0.0,0.0,1.0,0.0,0.6436947828014071,0.33055297819438684,0.16610685410891526,153137,0,44039,0
Gradient Boosting,0.8000000000000002,0.7766513165902544,0.5,0.0,0.0,1.0,0.0,0.6436947828014071,0.33055297819438684,0.16610685410891526,153137,0,44039,0
Gradient Boosting,0.8500000000000002,0.7766513165902544,0.5,0.0,0.0,1.0,0.0,0.6436947828014071,0.33055297819438684,0.16610685410891526,153137,0,44039,0
Gradient Boosting,0.9000000000000002,0.7766513165902544,0.5,0.0,0.0,1.0,0.0,0.6436947828014071,0.33055297819438684,0.16610685410891526,153137,0,44039,0
Neural Network,0.1,0.22334868340974562,0.5,0.22334868340974562,1.0,0.0,0.36514312957320233,0.646249851844054,0.33281759282630874,0.23307175934314728,0,153137,0,44039
Neural Network,0.15000000000000002,0.22334868340974562,0.5,0.22334868340974562,1.0,0.0,0.36514312957320233,0.646249851844054,0.33281759282630874,0.23307175934314728,0,153137,0,44039
Neural Network,0.20000000000000004,0.22335882663204445,0.5000065301004982,0.22335094890807106,1.0,1.3060200996493336e-05,0.3651461571308346,0.646249851844054,0.33281759282630874,0.23307175934314728,2,153135,0,44039
Neural Network,0.25000000000000006,0.22401306447032093,0.5002902166963903,0.22344945206105243,0.99961397851904,0.0009664548737405069,0.3652520224019913,0.646249851844054,0.33281759282630874,0.23307175934314728,148,152989,17,44022
Neural Network,0.30000000000000004,0.26580821195277315,0.5181707044435718,0.230012115493894,0.9742728036513091,0.06206860523583458,0.37216201095512563,0.646249851844054,0.33281759282630874,0.23307175934314728,9505,143632,1133,42906
Neural Network,0.3500000000000001,0.37130279547206557,0.5618861546964782,0.24984820316363385,0.9063330230023389,0.21743928639061755,0.39171311925885216,0.646249851844054,0.33281759282630874,0.23307175934314728,33298,119839,4125,39914
Neural Network,0.40000000000000013,0.4497352618979998,0.5878719329566915,0.2668345053100674,0.8375303708076932,0.33821349510568965,0.4047249364942639,0.646249851844054,0.33281759282630874,0.23307175934314728,51793,101344,7155,36884
Neural Network,0.45000000000000007,0.5195967054813974,0.6027344300507251,0.28341039424991665,0.7529916664774404,0.4524771936240099,0.41182022527725,0.646249851844054,0.33281759282630874,0.23307175934314728,69291,83846,10878,33161
Neural Network,0.5000000000000001,0.5884133971680123,0.6071372143018884,0.30167144017441117,0.6409773155612071,0.5732971130425697,0.41025790089455055,0.646249851844054,0.33281759282630874,0.23307175934314728,87793,65344,15811,28228
Neural Network,0.5500000000000002,0.6666328559256705,0.5982618324134329,0.32919704580885945,0.47469288585117736,0.7218307789756885,0.38877833776571014,0.646249851844054,0.33281759282630874,0.23307175934314728,110539,42598,23134,20905
Neural Network,0.6000000000000002,0.7289375988964174,0.5725000456898701,0.3653306613226453,0.2897658893253707,0.8552342020543696,0.32319011257582086,0.646249851844054,0.33281759282630874,0.23307175934314728,130968,22169,31278,12761
Neural Network,0.6500000000000001,0.761725564977482,0.5405802405962303,0.40415553963394774,0.1408978405504212,0.9402626406420395,0.20895070043103448,0.646249851844054,0.33281759282630874,0.23307175934314728,143989,9148,37834,6205
Neural Network,0.7000000000000002,0.7746632450196779,0.5154633423333442,0.4567519858781995,0.047003792093371785,0.9839228925733167,0.08523604620040764,0.646249851844054,0.33281759282630874,0.23307175934314728,150675,2462,41969,2070
Neural Network,0.7500000000000002,0.7767426055909441,0.5026956293112989,0.5141955835962145,0.007402529576057585,0.99798872904654,0.01459494549280326,0.646249851844054,0.33281759282630874,0.23307175934314728,152829,308,43713,326
Neural Network,0.8000000000000002,0.7766918894794498,0.5001312711973568,0.7222222222222222,0.00029519289720475033,0.9999673494975088,0.0005901445854234287,0.646249851844054,0.33281759282630874,0.23307175934314728,153132,5,44026,13
Neural Network,0.8500000000000002,0.7766513165902544,0.5,0.0,0.0,1.0,0.0,0.646249851844054,0.33281759282630874,0.23307175934314728,153137,0,44039,0
Neural Network,0.9000000000000002,0.7766513165902544,0.5,0.0,0.0,1.0,0.0,0.646249851844054,0.33281759282630874,0.23307175934314728,153137,0,44039,0
LSTM,0.1,0.22334868340974562,0.5,0.22334868340974562,1.0,0.0,0.36514312957320233,0.6462379110825025,0.3313014896118027,0.231843963265419,0,153137,0,44039
LSTM,0.15000000000000002,0.22334868340974562,0.5,0.22334868340974562,1.0,0.0,0.36514312957320233,0.6462379110825025,0.3313014896118027,0.231843963265419,0,153137,0,44039
LSTM,0.20000000000000004,0.22334868340974562,0.5,0.22334868340974562,1.0,0.0,0.36514312957320233,0.6462379110825025,0.3313014896118027,0.231843963265419,0,153137,0,44039
LSTM,0.25000000000000006,0.23280216659228303,0.5041286311660557,0.22479828361426488,0.9945048706828039,0.013752391649307482,0.36670615865732814,0.6462379110825025,0.3313014896118027,0.231843963265419,2106,151031,242,43797
LSTM,0.30000000000000004,0.30535156408487846,0.5357015489701021,0.2371634960770671,0.9520198006312587,0.11938329730894559,0.37973009691151166,0.6462379110825025,0.3313014896118027,0.231843963265419,18282,134855,2113,41926
LSTM,0.3500000000000001,0.38669513531058547,0.5685439960690108,0.25342175814872303,0.8972047503349304,0.23988324180309134,0.395212875025631,0.6462379110825025,0.3313014896118027,0.231843963265419,36735,116402,4527,39512
LSTM,0.40000000000000013,0.4616586197103096,0.5912854146187875,0.269664671458134,0.8255637048979314,0.3570071243396436,0.40653688318368353,0.6462379110825025,0.3313014896118027,0.231843963265419,54671,98466,7682,36357
LSTM,0.45000000000000007,0.5324329533006046,0.6043575950778981,0.2866157363915132,0.7343490996616635,0.4743660904941327,0.4123080453615345,0.6462379110825025,0.3313014896118027,0.231843963265419,72643,80494,11699,32340
LSTM,0.5000000000000001,0.5994035785288271,0.6066740750164283,0.30484359120402943,0.6198142555462204,0.5935338944866362,0.4086839347207666,0.6462379110825025,0.3313014896118027,0.231843963265419,90892,62245,16743,27296
LSTM,0.5500000000000002,0.6617742524445166,0.5990002281350715,0.32687221975938974,0.48554690160993663,0.7124535546602062,0.3907140768893437,0.6462379110825025,0.3313014896118027,0.231843963265419,109103,44034,22656,21383
LSTM,0.6000000000000002,0.7148740211790482,0.5795098674715473,0.35385722855428914,0.33486228115988104,0.8241574537832137,0.34409781365937886,0.6462379110825025,0.3313014896118027,0.231843963265419,126209,26928,29292,14747
LSTM,0.6500000000000001,0.7549346776483954,0.5481227322796416,0.3909766778694368,0.1743454665183133,0.9218999980409699,0.2411545770058263,0.6462379110825025,0.3313014896118027,0.231843963265419,141177,11960,36361,7678
LSTM,0.7000000000000002,0.7747342475757699,0.5132685322433116,0.4523208879919273,0.04071391266831672,0.9858231518183065,0.0747036643543112,0.6462379110825025,0.3313014896118027,0.231843963265419,150966,2171,42246,1793
LSTM,0.7500000000000002,0.7766563882014038,0.5000517961865708,0.5454545454545454,0.0001362428756329617,0.9999673494975088,0.0002724177071509648,0.6462379110825025,0.3313014896118027,0.231843963265419,153132,5,44033,6
LSTM,0.8000000000000002,0.7766513165902544,0.5,0.0,0.0,1.0,0.0,0.6462379110825025,0.3313014896118027,0.231843963265419,153137,0,44039,0
LSTM,0.8500000000000002,0.7766513165902544,0.5,0.0,0.0,1.0,0.0,0.6462379110825025,0.3313014896118027,0.231843963265419,153137,0,44039,0
LSTM,0.9000000000000002,0.7766513165902544,0.5,0.0,0.0,1.0,0.0,0.6462379110825025,0.3313014896118027,0.231843963265419,153137,0,44039,0
